Profile Name,Profile Link,Profile Image Link,Following,Blue Check
charles_leclerc,https://www.instagram.com/charles_leclerc/,False,True,True
scuderiaferrari,https://www.instagram.com/scuderiaferrari/,False,True,True
danielricciardo,https://www.instagram.com/danielricciardo/,https://instagram.fblr2-3.fna.fbcdn.net/v/t51.2885-19/340698228_772398137534906_2709636163037768467_n.jpg?stp=dst-jpg_s150x150&_nc_ht=instagram.fblr2-3.fna.fbcdn.net&_nc_cat=1&_nc_ohc=nb2Jw2kZqB0AX_37DMy&edm=ALB854YBAAAA&ccb=7-5&oh=00_AfB8qVD9reVlrZ7D_ErbZAUzBSetagMMR8M_jkNqBwLyrw&oe=652633CF&_nc_sid=ce9561,True,True
mercedesamgf1,https://www.instagram.com/mercedesamgf1/,False,True,True
astonmartinf1,https://www.instagram.com/astonmartinf1/,False,True,True
redbullracing,https://www.instagram.com/redbullracing/,False,True,True
mclaren,https://www.instagram.com/mclaren/,False,True,True
lewishamilton,https://www.instagram.com/lewishamilton/,False,True,True
fernandoalo_oficial,https://www.instagram.com/fernandoalo_oficial/,https://instagram.fblr2-3.fna.fbcdn.net/v/t51.2885-19/269877096_284168757021429_6325678098858866720_n.jpg?stp=dst-jpg_s150x150&_nc_ht=instagram.fblr2-3.fna.fbcdn.net&_nc_cat=1&_nc_ohc=Skw_neeJNVIAX-uDMfe&edm=ALB854YBAAAA&ccb=7-5&oh=00_AfCZVeRBNtz1fMVrBvWjhjnG_d60ZS186jbsmRRipRDuxg&oe=6526F91D&_nc_sid=ce9561,True,True
maxverstappen1,https://www.instagram.com/maxverstappen1/,False,True,True
liamlawson30,https://www.instagram.com/liamlawson30/,https://instagram.fblr2-3.fna.fbcdn.net/v/t51.2885-19/328705779_112660911634354_7811655176978205675_n.jpg?stp=dst-jpg_s150x150&_nc_ht=instagram.fblr2-3.fna.fbcdn.net&_nc_cat=1&_nc_ohc=9vpufhkVA6AAX97XV8X&edm=ALB854YBAAAA&ccb=7-5&oh=00_AfD8Iz8Ni0D3PKFRTgAm-P38ddGWyin9GilwD4MauBXcTA&oe=65273912&_nc_sid=ce9561,False,True
nyckdevries,https://www.instagram.com/nyckdevries/,False,False,True
qatarairways,https://www.instagram.com/qatarairways/,False,False,True
fordperformance,https://www.instagram.com/fordperformance/,False,False,True
f1academy,https://www.instagram.com/f1academy/,https://instagram.fblr2-3.fna.fbcdn.net/v/t51.2885-19/356021524_549380873879837_7240207794344424099_n.jpg?stp=dst-jpg_s150x150&_nc_ht=instagram.fblr2-3.fna.fbcdn.net&_nc_cat=105&_nc_ohc=vL2Zovq8IW0AX_oi9sF&edm=ALB854YBAAAA&ccb=7-5&oh=00_AfCOVWySguXt6GCpG6BJVQazH4PfhXx7lv5ZG6ICa-E_ag&oe=65269F50&_nc_sid=ce9561,False,True
logansargeant,https://www.instagram.com/logansargeant/,False,False,True
f1exhibition,https://www.instagram.com/f1exhibition/,False,False,False
f1arcade,https://www.instagram.com/f1arcade/,https://instagram.fblr2-3.fna.fbcdn.net/v/t51.2885-19/314626292_693309718627826_1666056178823761637_n.jpg?stp=dst-jpg_s150x150&_nc_ht=instagram.fblr2-3.fna.fbcdn.net&_nc_cat=102&_nc_ohc=en52g73Zbh0AX8-p_SF&edm=ALB854YBAAAA&ccb=7-5&oh=00_AfBszofFte2CSM1352JwMcSfIYjOHsWiwJGWo4ObEQxTJA&oe=6526BB12&_nc_sid=ce9561,False,False
f1lasvegas,https://www.instagram.com/f1lasvegas/,False,False,True
audisport,https://www.instagram.com/audisport/,False,False,True
oscarpiastri,https://www.instagram.com/oscarpiastri/,False,False,True
sebastianvettel,https://www.instagram.com/sebastianvettel/,False,False,True
f1manager,https://www.instagram.com/f1manager/,https://instagram.fblr2-3.fna.fbcdn.net/v/t51.2885-19/343291082_778316653732322_5003680157069391161_n.jpg?stp=dst-jpg_s150x150&_nc_ht=instagram.fblr2-3.fna.fbcdn.net&_nc_cat=102&_nc_ohc=OLP2IysJwZYAX-yYaBQ&edm=ALB854YBAAAA&ccb=7-5&oh=00_AfDVNPXFTQDDn_IrOdcrh5vai74zN61oamemK4SibKQ_AQ&oe=65272B89&_nc_sid=ce9561,False,False
easportsf1,https://www.instagram.com/easportsf1/,https://instagram.fblr2-3.fna.fbcdn.net/v/t51.2885-19/343989534_1048648719855037_4599754416382024116_n.jpg?stp=dst-jpg_s150x150&_nc_ht=instagram.fblr2-3.fna.fbcdn.net&_nc_cat=101&_nc_ohc=PttdeTIGnw4AX_oBpaj&edm=ALB854YBAAAA&ccb=7-5&oh=00_AfCbXGtORTxVXO4jJkV9S7Pla8RJncO-2pTKqMSZ1quVrw&oe=6526181C&_nc_sid=ce9561,False,True
2022f1car,https://www.instagram.com/2022f1car/,https://instagram.fblr2-3.fna.fbcdn.net/v/t51.2885-19/275252312_1109120173214510_5896499165176679177_n.jpg?stp=dst-jpg_s150x150&_nc_ht=instagram.fblr2-3.fna.fbcdn.net&_nc_cat=102&_nc_ohc=8Wq8DwWQguIAX-XuItz&edm=ALB854YBAAAA&ccb=7-5&oh=00_AfAnDxRE0GpycaeXa_npl4EGmQlEsUEEiOsOlEMrJsz2lw&oe=6526A883&_nc_sid=ce9561,False,False
jarnoopmeer,https://www.instagram.com/jarnoopmeer/,https://instagram.fblr2-3.fna.fbcdn.net/v/t51.2885-19/386286823_889986259360825_7440868694477575117_n.jpg?stp=dst-jpg_s150x150&_nc_ht=instagram.fblr2-3.fna.fbcdn.net&_nc_cat=101&_nc_ohc=Cij0Kdm7aIQAX-lVa7q&edm=ALB854YBAAAA&ccb=7-5&oh=00_AfCmFCkKtX-EfJTq4bPRl1XREvvUT2LwWZhLvKY1PLDZrQ&oe=65259FF7&_nc_sid=ce9561,False,True
david_tonizza,https://www.instagram.com/david_tonizza/,False,False,True
brendonleigh,https://www.instagram.com/brendonleigh/,False,False,True
mohammed.ben.sulayem,https://www.instagram.com/mohammed.ben.sulayem/,https://instagram.fblr2-3.fna.fbcdn.net/v/t51.2885-19/271610425_918878918997244_4404133099894613348_n.jpg?stp=dst-jpg_s150x150&_nc_ht=instagram.fblr2-3.fna.fbcdn.net&_nc_cat=104&_nc_ohc=pXpqD_br0G8AX-R2hKO&edm=ALB854YBAAAA&ccb=7-5&oh=00_AfAqOF8V8FH5Wlp3ziKK-OXZsY6OAiK3gchRxnx0JMqluQ&oe=6525907A&_nc_sid=ce9561,False,True
zhouguanyu24,https://www.instagram.com/zhouguanyu24/,https://instagram.fblr2-3.fna.fbcdn.net/v/t51.2885-19/333391221_2433247353507820_5341752468136338862_n.jpg?stp=dst-jpg_s150x150&_nc_ht=instagram.fblr2-3.fna.fbcdn.net&_nc_cat=1&_nc_ohc=sRYD8EGJ_GQAX-vqszF&edm=ALB854YBAAAA&ccb=7-5&oh=00_AfBKXfkOiO45PkCeA4PyC9kCPbPtIKVWZ48F9DRFD-O4Jw&oe=6526564B&_nc_sid=ce9561,False,True
cryptocomofficial,https://www.instagram.com/cryptocomofficial/,False,False,True
f1mia,https://www.instagram.com/f1mia/,https://instagram.fblr2-2.fna.fbcdn.net/v/t51.2885-19/368197499_685612506758479_7212907843007900178_n.jpg?stp=dst-jpg_s150x150&_nc_ht=instagram.fblr2-2.fna.fbcdn.net&_nc_cat=107&_nc_ohc=4y17Uojq9_kAX8S9jv9&edm=ALB854YBAAAA&ccb=7-5&oh=00_AfCBZWKY4tINn3j34LRri9u6v3gwJVXpAeFZxRYRJUunJg&oe=652636B3&_nc_sid=ce9561,False,True
yukitsunoda0511,https://www.instagram.com/yukitsunoda0511/,https://instagram.fblr2-3.fna.fbcdn.net/v/t51.2885-19/359369638_1056616605302087_496315028843124497_n.jpg?stp=dst-jpg_s150x150&_nc_ht=instagram.fblr2-3.fna.fbcdn.net&_nc_cat=1&_nc_ohc=f4xcd63zXVEAX_WZAMr&edm=ALB854YBAAAA&ccb=7-5&oh=00_AfBODYOqwIslPI_E5cuIwP3JTw13V0u6Ae3kLVfSG1XpQg&oe=6526370E&_nc_sid=ce9561,False,True
wseriesracing,https://www.instagram.com/wseriesracing/,https://instagram.fblr2-3.fna.fbcdn.net/v/t51.2885-19/307445977_592187912689311_2827025589775362443_n.jpg?stp=dst-jpg_s150x150&_nc_ht=instagram.fblr2-3.fna.fbcdn.net&_nc_cat=103&_nc_ohc=ai8WWg39ASUAX8MoMXv&edm=ALB854YBAAAA&ccb=7-5&oh=00_AfD4E_ndG7l0alEuNcyUYSpOrNIocJe5ZKQ1yN85b30xMw&oe=6525CEEC&_nc_sid=ce9561,False,True
mickschumacher,https://www.instagram.com/mickschumacher/,https://instagram.fblr2-3.fna.fbcdn.net/v/t51.2885-19/369406357_833586544841322_2100271984912970039_n.jpg?stp=dst-jpg_s150x150&_nc_ht=instagram.fblr2-3.fna.fbcdn.net&_nc_cat=1&_nc_ohc=gOp_JbBE9coAX8GnXTy&edm=ALB854YBAAAA&ccb=7-5&oh=00_AfBH54an3fOIqs3gCAeb-xAVMjvftbhEhVrDVX-G1mgqqg&oe=6525A952&_nc_sid=ce9561,False,True
jaitkenracer,https://www.instagram.com/jaitkenracer/,False,False,True
pifitti,https://www.instagram.com/pifitti/,False,False,True
f1authentics,https://www.instagram.com/f1authentics/,False,False,True
f1dutchgp,https://www.instagram.com/f1dutchgp/,https://instagram.fblr2-3.fna.fbcdn.net/v/t51.2885-19/325781788_2991143431180669_3405190260657240956_n.jpg?stp=dst-jpg_s150x150&_nc_ht=instagram.fblr2-3.fna.fbcdn.net&_nc_cat=101&_nc_ohc=2olwRZOQU2EAX9qduty&edm=ALB854YBAAAA&ccb=7-5&oh=00_AfB-bZ-d3XIbn5g_Irwjm121GuSyi_HVVYpGlzngJCwLug&oe=65259C26&_nc_sid=ce9561,False,True
spagrandprix,https://www.instagram.com/spagrandprix/,https://instagram.fblr2-3.fna.fbcdn.net/v/t51.2885-19/20582850_103609057011962_881852881467080704_a.jpg?stp=dst-jpg_s150x150&_nc_ht=instagram.fblr2-3.fna.fbcdn.net&_nc_cat=102&_nc_ohc=8cb5BkBoTmQAX-MmXa6&edm=ALB854YBAAAA&ccb=7-5&oh=00_AfCeNFKHZ1Z7rsEXy8-1vBpVkbanKfsQ6fnWfcSyt9C2iA&oe=6526A8E6&_nc_sid=ce9561,False,False
redbullring,https://www.instagram.com/redbullring/,https://instagram.fblr2-2.fna.fbcdn.net/v/t51.2885-19/347076153_181202228215063_1025709126717446426_n.jpg?stp=dst-jpg_s150x150&_nc_ht=instagram.fblr2-2.fna.fbcdn.net&_nc_cat=107&_nc_ohc=KdmRCp3qgFkAX_olt3L&edm=ALB854YBAAAA&ccb=7-5&oh=00_AfDmEALHy8Xu6v2xBwAOgqPhNR6NY44NxZrE4-WmxMTS5g&oe=6525AA6E&_nc_sid=ce9561,False,True
saudiarabiangp,https://www.instagram.com/saudiarabiangp/,False,False,True
suzukacircuit_official,https://www.instagram.com/suzukacircuit_official/,https://instagram.fblr2-3.fna.fbcdn.net/v/t51.2885-19/275035571_633959937677402_5163809409624244554_n.jpg?stp=dst-jpg_s150x150&_nc_ht=instagram.fblr2-3.fna.fbcdn.net&_nc_cat=102&_nc_ohc=zmIwPk-LPj8AX_WChUk&edm=ALB854YBAAAA&ccb=7-5&oh=00_AfAX5ZdkQVf9BpyaXIRUuaGFgcbK3TkWqVbT6GkQl65gqQ&oe=6526A16B&_nc_sid=ce9561,False,False
bakucitycircuit,https://www.instagram.com/bakucitycircuit/,False,False,True
bah_int_circuit,https://www.instagram.com/bah_int_circuit/,False,False,True
96f1champ,https://www.instagram.com/96f1champ/,https://instagram.fblr2-2.fna.fbcdn.net/v/t51.2885-19/97227377_256454648743857_1820782773036646400_n.jpg?stp=dst-jpg_s150x150&_nc_ht=instagram.fblr2-2.fna.fbcdn.net&_nc_cat=109&_nc_ohc=tGQT4yTT-SYAX8ePzkC&edm=ALB854YBAAAA&ccb=7-5&oh=00_AfB1brHjhGYNyBHDF9IsAh88E6fkNnlbOHzB8hWevifI6w&oe=652739C0&_nc_sid=ce9561,False,True
gpfrancef1,https://www.instagram.com/gpfrancef1/,https://instagram.fblr2-2.fna.fbcdn.net/v/t51.2885-19/34161378_202146867075731_1006962164948271104_n.jpg?stp=dst-jpg_s150x150&_nc_ht=instagram.fblr2-2.fna.fbcdn.net&_nc_cat=111&_nc_ohc=2J9yU1DAmgoAX_m6cWj&edm=ALB854YBAAAA&ccb=7-5&oh=00_AfAEzKUkeB6jKNAxTUZGmN0EGHauLNjxpRewc12mjr6sFg&oe=6525988B&_nc_sid=ce9561,False,True
lance_stroll,https://www.instagram.com/lance_stroll/,https://instagram.fblr2-3.fna.fbcdn.net/v/t51.2885-19/157657263_123703419754665_5667523069053038790_n.jpg?stp=dst-jpg_s150x150&_nc_ht=instagram.fblr2-3.fna.fbcdn.net&_nc_cat=1&_nc_ohc=6ASqwN4A-AMAX9xF5Xo&edm=ALB854YBAAAA&ccb=7-5&oh=00_AfASHB0jMPygBNROgkvqKNw4zq--KLXlL6f2dz_ZpvQCzA&oe=65271018&_nc_sid=ce9561,False,True
nicholaslatifi,https://www.instagram.com/nicholaslatifi/,https://instagram.fblr2-2.fna.fbcdn.net/v/t51.2885-19/275851541_1311775602635144_1594526704567536761_n.jpg?stp=dst-jpg_s150x150&_nc_ht=instagram.fblr2-2.fna.fbcdn.net&_nc_cat=108&_nc_ohc=Xfyr3fBdFJkAX8UjLvW&edm=ALB854YBAAAA&ccb=7-5&oh=00_AfBeufmnypW3p4l9tYWVxjOww2VVk1-DY-75wyt6dY12Nw&oe=6525B87B&_nc_sid=ce9561,False,True
heineken,https://www.instagram.com/heineken/,https://instagram.fblr2-2.fna.fbcdn.net/v/t51.2885-19/354153013_654648333376138_1281635035865580470_n.jpg?stp=dst-jpg_s150x150&_nc_ht=instagram.fblr2-2.fna.fbcdn.net&_nc_cat=110&_nc_ohc=GLa3_P7twXcAX_MRQHi&edm=ALB854YBAAAA&ccb=7-5&oh=00_AfD95h-eLDyGt_0kZMzhMoGjmRHaRpi6Ji4j0J7OkDBgXQ&oe=65260A3D&_nc_sid=ce9561,False,True
fiaf3,https://www.instagram.com/fiaf3/,False,False,True
motogp,https://www.instagram.com/motogp/,False,False,True
rolex,https://www.instagram.com/rolex/,https://instagram.fblr2-3.fna.fbcdn.net/v/t51.2885-19/12142450_157279231293241_2115688096_a.jpg?stp=dst-jpg_s150x150&_nc_ht=instagram.fblr2-3.fna.fbcdn.net&_nc_cat=1&_nc_ohc=ij2r55GaFekAX9RA2lM&edm=ALB854YBAAAA&ccb=7-5&oh=00_AfBPLM8e7Zo3dgbrGX3t-tTZlo1FcwZo7Kgp2-RZVuryhw&oe=65256FBF&_nc_sid=ce9561,False,True
robertkubica_real,https://www.instagram.com/robertkubica_real/,https://instagram.fblr2-2.fna.fbcdn.net/v/t51.2885-19/50020173_2316496505277415_7126594149981093888_n.jpg?stp=dst-jpg_s150x150&_nc_ht=instagram.fblr2-2.fna.fbcdn.net&_nc_cat=107&_nc_ohc=HEAFQkiEQ7gAX9lqUXf&edm=ALB854YBAAAA&ccb=7-5&oh=00_AfCPCaklJ1OXEEgsMrSr2wz1rfFOB-pfXqSXkzDScCPSkw&oe=6526652E&_nc_sid=ce9561,False,True
alex_albon,https://www.instagram.com/alex_albon/,False,False,True
georgerussell63,https://www.instagram.com/georgerussell63/,False,False,True
formula2,https://www.instagram.com/formula2/,https://instagram.fblr2-3.fna.fbcdn.net/v/t51.2885-19/305535426_590444796163969_9208483352463034366_n.jpg?stp=dst-jpg_s150x150&_nc_ht=instagram.fblr2-3.fna.fbcdn.net&_nc_cat=101&_nc_ohc=WFtx0h1UgMYAX9EgCV9&edm=ALB854YBAAAA&ccb=7-5&oh=00_AfBZI7elz6r31MtqR1K_8d4Lsm6YRatEOGhkPMde_syegQ&oe=6525F182&_nc_sid=ce9561,False,True
fia.official,https://www.instagram.com/fia.official/,False,False,True
kimimatiasraikkonen,https://www.instagram.com/kimimatiasraikkonen/,https://instagram.fblr2-2.fna.fbcdn.net/v/t51.2885-19/47490927_206920696926755_6912312179974733824_n.jpg?stp=dst-jpg_s150x150&_nc_ht=instagram.fblr2-2.fna.fbcdn.net&_nc_cat=111&_nc_ohc=ajgjZMpY4dYAX_kq9nV&edm=ALB854YBAAAA&ccb=7-5&oh=00_AfBnTwmCPSkjvSFs5ORwQHLA-owQe6YYCiOHEEqjsPwsRQ&oe=6526CEE5&_nc_sid=ce9561,False,True
antogiovinazzi99,https://www.instagram.com/antogiovinazzi99/,https://instagram.fblr2-3.fna.fbcdn.net/v/t51.2885-19/305589117_566687198585836_6317392617913628516_n.jpg?stp=dst-jpg_s150x150&_nc_ht=instagram.fblr2-3.fna.fbcdn.net&_nc_cat=1&_nc_ohc=SDge7U7bcKUAX8GtjuW&edm=ALB854YBAAAA&ccb=7-5&oh=00_AfBcDPUjh4VpobqluGYKjgTa3lb-gc4Xyr1j2ZnlrkDnFw&oe=652691C5&_nc_sid=ce9561,False,True
landonorris,https://www.instagram.com/landonorris/,https://instagram.fblr2-3.fna.fbcdn.net/v/t51.2885-19/326048812_155111160295056_4580204273694236902_n.jpg?stp=dst-jpg_s150x150&_nc_ht=instagram.fblr2-3.fna.fbcdn.net&_nc_cat=1&_nc_ohc=zitUZG9DyZAAX-Ux3u6&edm=ALB854YBAAAA&ccb=7-5&oh=00_AfCfeueBYtRAR0Kvu3P-VbVR9cIf1LAxTnuxcwvf2jJh2A&oe=6525D202&_nc_sid=ce9561,False,True
pierregasly,https://www.instagram.com/pierregasly/,https://instagram.fblr2-3.fna.fbcdn.net/v/t51.2885-19/292346215_766684524770979_4881260229082157185_n.jpg?stp=dst-jpg_s150x150&_nc_ht=instagram.fblr2-3.fna.fbcdn.net&_nc_cat=1&_nc_ohc=GeFCpWBYYgwAX8XZAXX&edm=ALB854YBAAAA&ccb=7-5&oh=00_AfDk4x_uVaeHre_D-LvDFay5lk3R7ijAiLLwYVn2Ejmq6A&oe=65274656&_nc_sid=ce9561,False,True
f1experiences,https://www.instagram.com/f1experiences/,False,False,False
hulkhulkenberg,https://www.instagram.com/hulkhulkenberg/,https://instagram.fblr2-3.fna.fbcdn.net/v/t51.2885-19/119986736_1065419697210563_5137360945921578142_n.jpg?stp=dst-jpg_s150x150&_nc_ht=instagram.fblr2-3.fna.fbcdn.net&_nc_cat=1&_nc_ohc=QTcAAvDI4CIAX9CJG0i&edm=ALB854YBAAAA&ccb=7-5&oh=00_AfCZf8AhPA8R37ODbmQ3KL-Oh-o6qfUBSxpvJf4WNhT96w&oe=6526EF36&_nc_sid=ce9561,False,True
autodromonazionale_monza,https://www.instagram.com/autodromonazionale_monza/,https://instagram.fblr2-3.fna.fbcdn.net/v/t51.2885-19/276967623_484883023111554_8664244866414212679_n.jpg?stp=dst-jpg_s150x150&_nc_ht=instagram.fblr2-3.fna.fbcdn.net&_nc_cat=106&_nc_ohc=iXD_0eMbnpgAX9_56ux&edm=ALB854YBAAAA&ccb=7-5&oh=00_AfDHOG_P-rTtvv7-ae0R4mp-7xvMe_MBfCEbVNCPqqHqog&oe=65259087&_nc_sid=ce9561,False,True
estebanocon,https://www.instagram.com/estebanocon/,False,False,True
kevinmagnussen,https://www.instagram.com/kevinmagnussen/,False,False,True
haasf1team,https://www.instagram.com/haasf1team/,False,False,True
gpbrasilf1,https://www.instagram.com/gpbrasilf1/,False,False,True
mexicogp,https://www.instagram.com/mexicogp/,False,False,True
f1paddockclub,https://www.instagram.com/f1paddockclub/,False,False,True
ymcofficial,https://www.instagram.com/ymcofficial/,False,False,True
cota_official,https://www.instagram.com/cota_official/,https://instagram.fblr2-3.fna.fbcdn.net/v/t51.2885-19/240489443_356918109248246_9159020714917399677_n.jpg?stp=dst-jpg_s150x150&_nc_ht=instagram.fblr2-3.fna.fbcdn.net&_nc_cat=102&_nc_ohc=RgHOvJE1wDQAX9EioM2&edm=ALB854YBAAAA&ccb=7-5&oh=00_AfDMlBKYarKVAKzYi-YbeI1ovOgBRpxLkofSYu1aUbU0aA&oe=65255235&_nc_sid=ce9561,False,True
f1nightrace,https://www.instagram.com/f1nightrace/,https://instagram.fblr2-3.fna.fbcdn.net/v/t51.2885-19/383429876_884619509898051_8396209389173051515_n.jpg?stp=dst-jpg_s150x150&_nc_ht=instagram.fblr2-3.fna.fbcdn.net&_nc_cat=103&_nc_ohc=wo_Ohkl_a7UAX-8H6wS&edm=ALB854YBAAAA&ccb=7-5&oh=00_AfAscvyJPmR1vfjiEoPBJojoEPq0FdGbHcbEMeODBrhcVA&oe=65264593&_nc_sid=ce9561,False,True
f1gpcanada,https://www.instagram.com/f1gpcanada/,False,False,True
circuitdebcncat,https://www.instagram.com/circuitdebcncat/,False,False,False
ausgp,https://www.instagram.com/ausgp/,https://instagram.fblr2-2.fna.fbcdn.net/v/t51.2885-19/345539783_1011106683210120_9035114301933591423_n.jpg?stp=dst-jpg_s150x150&_nc_ht=instagram.fblr2-2.fna.fbcdn.net&_nc_cat=100&_nc_ohc=Uakef5GHAysAX_5k7Dx&edm=ALB854YBAAAA&ccb=7-5&oh=00_AfCz5zWoVGVgyqfENbuyhCnsBB1aPF_g768HaFqwaS0hVQ&oe=6526E6D6&_nc_sid=ce9561,False,True
silverstonecircuit,https://www.instagram.com/silverstonecircuit/,https://instagram.fblr2-3.fna.fbcdn.net/v/t51.2885-19/125984053_128302829062897_8711043772113420874_n.jpg?stp=dst-jpg_s150x150&_nc_ht=instagram.fblr2-3.fna.fbcdn.net&_nc_cat=101&_nc_ohc=E_ZohnEIyqAAX9nnYiC&edm=ALB854YBAAAA&ccb=7-5&oh=00_AfAfdjfkH_Cqafys3T3YKWLSzGjVAYnO2zTB9RVfFK5O1w&oe=65273AEF&_nc_sid=ce9561,False,True
jensonbutton,https://www.instagram.com/jensonbutton/,False,False,True
grosjeanromain,https://www.instagram.com/grosjeanromain/,False,False,True
schecoperez,https://www.instagram.com/schecoperez/,False,False,True
nicorosberg,https://www.instagram.com/nicorosberg/,https://instagram.fblr2-3.fna.fbcdn.net/v/t51.2885-19/38835540_1026066284222008_4857476886424453120_n.jpg?stp=dst-jpg_s150x150&_nc_ht=instagram.fblr2-3.fna.fbcdn.net&_nc_cat=1&_nc_ohc=d0e2t0slQvwAX8orKia&edm=ALB854YBAAAA&ccb=7-5&oh=00_AfCCQAG2TjP0oYmYGf3DmlotvvCv_KVqD4gEj5tj9Xoz5A&oe=652568D2&_nc_sid=ce9561,False,True
carlossainz55,https://www.instagram.com/carlossainz55/,False,False,True
valtteribottas,https://www.instagram.com/valtteribottas/,False,False,True
alphataurif1,https://www.instagram.com/alphataurif1/,False,False,True
alfaromeostake,https://www.instagram.com/alfaromeostake/,False,False,True
alpinef1team,https://www.instagram.com/alpinef1team/,False,False,True
williamsracing,https://www.instagram.com/williamsracing/,False,False,True
